{"countries":[{"country":"Afghanistan","alpha2Code":"AF","alpha3Code":"AFG","numberCode":"004","states":["Badakhshan","Badghis ","Baghlan","Balkh","Bamian","Daykondi","Farah","Faryab","Ghazni","Ghowr","Helmand","Herat","Jowzjan","Kaboul","Kandahar","Kapisa","Khost","Konar","Kondoz","Laghman","Lowgar","Nangarhar","Nimruz","Nurestan","Oruzgan","Paktia","Paktika ","Panjshir","Parvan","Samangan","Sar-e Pol","Takhar","Vardak","Zabol"]},{"country":"Albanie","alpha2Code":"AL ","alpha3Code":"ALB","numberCode":"008","states":["Berat","Dibres","Durres","Elbasan","Fier","Gjirokastre","Korce","Kukes","Lezhe","Shkoder","Tirane","Vlore"]},{"country":"Algérie","alpha2Code":"DZ","alpha3Code":"DZA","numberCode ":"012","states":["Adrar","Ain Defla","Ain Temouchent","Alger","Annaba","Batna","Bechar","Bejaia","Biskra"," Blida","Bordj Bou Arreridj","Bouira","Boumerdes","Chlef","Constantine","Djelfa","El Bayadh","El Oued","El Tarf","Ghardaia","Guelma ","Illizi","Jijel","Khenchela","Laghouat","Muaskar","Médée","Mila ","Mostaganem","M'Sila","Naama","Oran","Ouargla","Oum el Bouaghi","Relizane","Saida","Setif","Sidi Bel Abbes","Skikda ","Souk Ahras","Tamanghasset","Tebessa","Tiaret","Tinduf","Tipaza","Tissemsilt","Tizi Ouzou","Tlemcen"]},{"country":"Andorre","alpha2Code":"AD","alpha3Code":"Y","numberCode":"020","states":["Andorre-la-Vieille","Canillo","Encamp","Escaldes-Engordany","La Massana","Ordino","Sant Julia de Loria"]},{"country":"Angola","alpha2Code":"AO","alpha3Code":"HACE","numberCode":"024","states":["Bengo","Benguela","Bie","Cabinda","Quand Cubango","Cuanza Norte","Cuanza Sul","Cunene","Huambo","Huila"," Luanda","Lunda Norte","Lunda Sul","Malanje","Moxico","Namibe","Uige","Zaïre"]},{"country":"Antarctique","alpha2Code":"AQ ","alpha3Code":"ATA","numberCode":"010","states":[]},{"country":"Antigua-et-Barbuda","alpha2Code":"AG","alpha3Code":" ATG","numberCode":"028","states":["Barbuda","Round","Saint George","Saint John","Saint Mary","Saint Paul","Saint Peter"," San Felipe"]},{"country":"Argentine","alpha2 Code":"AR","alpha3Code":"ARG","numberCode":"032","states":["Buenos Aires","Capitale de Buenos Aires","Catamarca","Chaco","Chubut","Córdoba","Corrientes","Entre Ríos","Formosa","Jujuy","La Pampa","La Rioja","Mendoza","Misiones","Neuquén","Río Negro"," Salta","San Juan","San Luis","Santa Cruz","Santa Fe","Santiago del Estero","Tierra del Fuego","Tucumán"]},{"country":"Arménie","alpha2Code":"AM","alpha3Code":"ARM","numberCode":"051","states":["Aragatsotn","Ararat","Armavir","Geghark'unik '"," Kotayk '","Lorri","Shirak","Syunik '","Tavush","Vayots' Dzor","Erevan"]},{"country":"Australie","alpha2Code":"AU"," alpha3Code":"AUS","numberCode":"036","states":["Territoire de la capitale australienne","Nouvelle-Galles du Sud","Territoire du Nord","Queensland","Australie du Sud","Tasmanie","Victoria","Australie-Occidentale"]},{"country":"Autriche","alpha2Code":"AT","alpha3Code":"AUT","numberCode":"040","states ":["Burgenland","Kaernten","Niederoesterreich","Oberoesterreich","Salzburg","Steiermark","Tirol"," Vorarlberg","Wien"]},{"country":"Azerbaïdjan","alpha2Code":"AZ","alpha3Code":"AZE","numberCode":"031","states":["Abseron Rayonu ","Agcabadi Rayonu","Agdam Rayonu","Agdas Rayonu","Agstafa Rayonu","Agsu Rayonu","Astara Rayonu","Balakan Rayonu","Barda Rayonu","Beylaqan Rayonu","Bilasuvar Rayonu ","Cabrayil Rayonu","Calilabad Rayonu","Daskasan Rayonu","Davaci Rayonu","Fuzuli Rayonu","Gadabay Rayonu","Goranboy Rayonu","Goycay Rayonu","Haciqabul Rayonu","Imisli Rayonu ","Ismayilli Rayonu","Kalbacar Rayonu","Kurdamir Rayonu","Lacin Rayonu","Lankaran Rayonu","Lerik Rayonu","Masalli Rayonu","Neftcala Rayonu","Oguz Rayonu","Qabala Rayonu ","Qax Rayonu","Qazax Rayonu","Qobustan Rayonu","Quba Rayonu","Qubadli Rayonu","Qusar Rayonu","Saatli Rayonu","Sabirabad Rayonu","Saki Rayonu","Salyan Rayonu ","Samaxi Rayonu","Samkir Rayonu","Samux Rayonu","Siyazan Rayonu","Susa Rayonu","Tartar Rayonu","Tovuz Rayonu","Ucar Rayonu","Xacmaz Rayonu","Xanlar Rayonu ","Xizi Rayonu","Xocali Rayonu","Xocavand Rayonu","Yardim li Rayonu","Yevlax Rayonu","Zangilan Rayonu","Zaqatala Rayonu","Zardab Rayonu","Ali Bayramli Sahari","Baki Sahari","Ganca Sahari","Lankaran Sahari","Mingacevir Sahari","Naftalan Sahari","Saki Sahari","Sumqayit Sahari","Susa Sahari","Xankandi Sahari","Yevlax Sahari","Naxcivan Muxtar"]},{"country":"Bahamas","alpha2Code":"BS","alpha3Code":"BHS","numberCode":"044","states":["Acklins and Crooked Islands","Bimini","Cat Island","Exuma","Freeport"," Fresh Creek","Governor's Harbour","Green Turtle Cay","Harbour Island","High Rock","Inagua","Kemps Bay","Long Island","Marsh Harbour","Mayaguana","Nouveau Providence","Nichollstown et Berry Islands","Ragged Island","Rock Sound","Sandy Point","San Salvador et Rum Cay"]},{"country":"Bahreïn","alpha2Code":"BH","alpha3Code":"BHR","numberCode":"048","states":["Al Hadd","Al Manamah","Al Mintaqah al Gharbiyah","Al Mintaqah al Wusta","Al Mintaqah ash Shamaliyah","Al Muharraq","Ar Rifa 'wa al Mintaqah al Janubiyah","Jidd Hafs","Madinat Hamad","Madinat 'Isa","Juzur Hawar","Sitrah"]},{"country":"Bangladesh","alpha2Code":"BD","alpha3Code":"BGD","numberCode":"050","states":["Barisal","Chittagong","Dacca","Khulna","Rajshahi","Sylhet"]},{"country":"Barbade","alpha2Code":"BB","alpha3Code":"BRB","numberCode":"052","states":["Église du Christ","Saint Andrew","Saint George","James","Saint John","Saint Joseph","Saint Lucia"," Saint Michel","Saint Pierre","Saint Philippe","Saint Thomas"]},{"country":"Bélarus","alpha2Code":"POR","alpha3Code":"BLR","numberCode":"112","states":["Brest","Homyel","Horad Minsk","Hrodna","Mahilyow","Minsk","Vitsyebsk"]},{"country":"Belgique"," alpha2Code":"BE","alpha3Code":"BEL","numberCode":"056","states":["Anvers","Brabant Wallon","Bruxelles","Flandre","Poule ao","Liège","Limbourg","Luxembourg","Namur","Oost-Vlaanderen","Vlaams -Brabant","Wallonie","West-Vlaanderen"]},{"country":"Belize ","alpha2Code":"BZ","alpha3Code":"BLZ","numberCode":"084","states":["Belize","Cayo","Corozal","Orange Walk","Stann Creek","Toledo"]},{"country":"Bénin","alpha2Code":"BJ","alpha3Code":"BEN","numberCode":"204","states":["Alibori","Atakora","Atlantique","Borgou","Collines","Donga","Kouffo","Littoral","Mono","Ouémé","Plateau","Zou"]},{"pays ":"Bermudes","alpha2Code":"BM","alpha3Code":"BMU","numberCode":"060","states":["Devonshire","Hamilton","Hamilton","Paget","Pembroke","Saint George","Saint George's","Sandys","Smith's","Southampton","Warwick"]},{"country":"Bhoutan","alpha2Code":"BT","alpha3Code":"BTN","numberCode":"064","states":["Bumthang","Chukha","Dagana","Gasa","Haa","Lhuntse","Mongar"," Paro","Pemagatshel","Punakha","Samdrup Jongkhar","Samtse","Sarpang","Thimphu","Trashigang","Trashiyangste","Trongsa","Tsirang","Wangdue Phodrang"," Zhemgang"]},{"country":"Bol ivia","alpha2Code":"BO","alpha3Code":"BOL","numberCode":"068","states":["Chuquisaca","Cochabamba","Beni","La Paz"," Oruro","Pando","Potosi","Santa Cruz","Tarija"]},{"country":"Bosnie-Herzégovine","alpha2Code":"BA","alpha3Code":"BIH"," numberCode":"070","states":["Una-Sana [Fédération]","Posavina [Fédération]","Tuzla [Fédération]","Zenica-Doboj [Fédération]","Podrinje [Fédération] Bosnie ","Bosnie centrale [Fédération] ]","Herzégovine-Neretva [Fédération]","Herzégovine occidentale [Fédération]","Sarajevo [Fédération]","Bosnie occidentale [Fédération]","Banja Luka [RS]","Bijeljina [RS]","Doboj [RS]","Fo ? A [RS]","Sarajevo-Romanija [RS]","Trebinje [RS]","Vlasenica [RS]"]},{"country":"Botswana","alpha2Code":"BW","alpha3Code ":"BWA","numberCode":"072","states":["Centre","Ghanzi","Kgalagadi","Kgatleng","Kweneng","Nord-est","Nord-ouest","Sud-est","Sud"]},{"country":"Brésil","alpha2Code":"BR","alpha3Code":"BRA","numberCode":"076","states":["Acre"," Alagoas","Amapa","Amazone","Bahia","Ceará","District Fédéral","Espirito Santo","Goias","Maranhao","Mato Grosso","Mato Grosso do Sul"," Minas Gerais","Para","Paraiba","Paraná","Pernambuco","Piauí","Rio de Janeiro","Rio Grande do Norte","Rio Grande do Sul","Rondonia","Roraima ","Santa Catarina","Sao Paulo","Sergipe","Tocantins"]},{"country":"Brunei","alpha2Code":"BN","alpha3Code":"BRN","numberCode":"096","states":["Belait","Brunei and Muara","Temburong","Tutong"]},{"country":"Bulgarie","alpha2Code":"BG","alpha3Code":"BGR","numberCode":"100","states":["Blagoevgrad","Burgas","Dobrich","Gabrovo","Khaskovo","Kurdzhali","Kyustendil","Lovech","Montana","Pazardzh ik","Pernik","Pleven","Plovdiv","Razgrad","Ruse","Shumen","Silistra","Sliven","Smolyan","Sofiya","Sofiya-Grad"," Stara Zagora","Turgovishte","Varna","Veliko Turnovo","Vidin","Vratsa","Yambol"]},{"country":"Burkina Faso","alpha2Code":"BF"," alpha3Code":"BFA","numberCode":"854","states":["Bale","Bam","Banwa","Bazega","Bouguriba","Boulgou","Boulkiemde","Comoe ","Ganzourgou","Gnagna","Gourma","Houet","Ioba","Kadiogo","Kenedougou","Komondjari","Kompienga","Kossi","Koulpelogo","Kouritenga","Kourweogo","Leraba","Loroum","Mouhoun","Namentenga","Nahouri","Nayala","Noumbiel","Oubritenga","Oudalan","Passore","Poni","Sanguie ","Sanmatenga","Seno","Sissili","Soum","Sourou","Tapoa","Tuy","Yagha","Yatenga","Ziro","Zondoma","Zoundweogo"]},{"country":"Birmanie","alpha2Code":"MM","alpha3Code":"MMR","numberCode":"104","states":["Ayeyarwady","Bago","Magway ","Mandalay","Sagaing","Tanintharyi","Yangon","Chin State","Kachin State","Kayin State","Kayah State","Mon State","Rakhine","This Shan"]},{"country":"Burundi","alpha2Code":"BI","alpha3Code":"BDI","numberCode":"108","states":["Bubanza"," Bujumbura Mairie ","Bujumbura Rural","Bururi","Cankuzo","Cibitoke","Gitega","Karuzi","Kayanza","Kirundo","Makamba","Muramvya","Muyinga","Mwaro","Ngozi","Rutana","Ruyigi"]},{"country":"Cambodge","alpha2Code":"KH","alpha3Code":"KHM","numberCode":"116","states":["Banteay Mean Chey","Batdambang","Kampong Cham","Kampong Chhnang","Kampong Spoe","Kampong Thum","Kampot","Kandal","Koh Kong","Kracheh","Mondol Kiri","Otdar Mean Chey","Pouthisat","Preah Vihear","Prey Veng","Rotanakir","Siem Reab","Stoeng Treng","Svay Rieng","Takao","Keb","Pailin","Phnom Penh","Preah Seihanu"]},{"country":"Cameroun","alpha2Code":"CM","alpha3Code":"CMR","numberCode":"120","states":["Adamaoua","Centre"," Est","Extrême-Nord","Côte","Nord","Nord-Ouest","Ouest","Sud","Sud-Ouest"]},{"country":"Canada","alpha2Code ":"CA","alpha3Code":"CAN","numberCode":"124","states":["Alberta","Colombie-Britannique","Manitoba","Nouveau-Brunswick","Terre-Neuve-et-Labrador","Territoires du Nord-Ouest","Nouvelle-Écosse","Nunavut","Ontario","Île-du-Prince-Édouard","Québec","Saskatchewan","Territoire du Yukon"]},{"country":"Cap-Vert ","alpha2Code":"CV","alpha3Code":"CPV","numberCode":"132","states":["Santo Antão","São V icente","Santa Luzia","São Nicolau","Sal","Boa Vista","Maio","Santiago","Fogo","Brava"]},{"country":"République centrafricaine","alpha2Code":"CF","alpha3Code":"CAF","numberCode":"140","states":["Bamingui-Bangoran","Bangui","Basse-Kotto","Haute-Kotto ","Haut-Mbomou","Kemo","Lobaye","Mambere-Kadei","Mbomou","Nana-Grebizi","Nana-Mambere","Ombella-Mpoko","Ouaka","Ouham ","Ouham-Pende","Sangha-Mbaere","Vakaga"]},{"country":"Tchad","alpha2Code":"TD","alpha3Code":"TCD","numberCode":" 148","states":["Batha","Biltine","Borkou-Ennedi-Tibesti","Chari-Baguirmi","Guéra","Kanem","Lac","Logone Occidental","Logone Oriental ","Mayo-Kebbi","Moyen-Chari","Ouaddaï","Salamat","Tandjile"]},{"country":"Chili","alpha2Code":"CL","alpha3Code":" CHL","numberCode":"152","states":["Aysen","Antofagasta","Araucania","Atacama","Bio-Bio","Coquimbo","O'Higgins","Los Lagos","Magallanes et l'Antarctique chilienne","Maule","Santiago Region Metropolitana","Tarapa","Valparaiso"]},{"country":"Chine","alpha2Code":"CN","alpha3Code ":"CH N","numberCode":"156","states":["Anhui","Fujian","Gansu","Guangdong","Guizhou","Hainan","Hebei","Heilongjiang","Henan ","Hubei","Hunan","Jiangsu","Jiangxi","Jilin","Liaoning","Qinghai","Shaanxi","Shandong","Shanxi","Sichuan","Yunnan","Zhejiang","Guangxi","Nei Mongol","Ningxia","Xinjiang","Xizang (Tibet)","Pékin","Chongqing","Shanghai","Tianjin"]},{"country":"Colombie","alpha2Code":"CO","alpha3Code":"COL","numberCode":"170","states":["Amazonas","Antioquia","Arauca","Atlantico","Capitale du district de Bogota","Bolivar","Boyaca","Caldas","Caqueta","Casanare","Cauca","Cesar","Choco","Cordoue","Cundinamarca","Guainia","Guaviare","Huila","La Guajira","Magdalena","Meta","Narino","Norte de Santander","Putumayo","Quindio","Risaralda","San Andres & Providencia","Santander","Sucre","Tolima","Valle del Cauca","Vaupes","Vichada"]},{"country":"Comores","alpha2Code":"KM","alpha3Code":" COM","numberCode":"174","states":["Grande Comore (Njazidja)","Anjouan (Nzwani)","Moheli (Mwali)"]},{"country":"Congo, République République Démocratique","alpha2Code":"CD","alpha3Code":"COD","numberCode":"180","states":["Bandundu","Bas-Congo","Equateur","Kasai- Western","Kasaï-Oriental","Katanga","Kinshasa","Maniema","Nord-Kivu","Orientale","Sud-Kivu"]},{"country":"Congo, République du ","alpha2Code":"CG","alpha3Code":"COG","numberCode":"178","states":["Bouenza","Brazzaville","Cuvette","Cuvette-Ouest"," Kouilou ","Lekoumou","Likouala","Niari","Plateaux","Piscine","Sangha"]},{"country":"Costa Rica","alpha2Code":"CR","alpha3Code":"CRI","numberCode":"188","states":["Alajuela","Cartago","Guanacaste","Heredia","Limón","Puntarenas","San José"]},{" country":"Côte d'Ivoire","alpha2Code":"CI","alpha3Code":"CIV","numberCode":"384","states":["Abidjan","Bas-Sassandra","Comoé ","Denguélé","Gôh-Djiboua","Lacs","Lagunes","Montagnes","Sassandra-Marahoué","Savanes","Vallée du Bandama","Woroba","Yamoussoukro","Zanzan "]},{"country":"Croatie","alpha2Code":"HR","alpha3Code":"VFC","numberCode":"191","states":["Bjelovarsko-Bilogorska","Brodsko -Po savska","Dubrovacko-Neretvanska","Istarska","Karlovacka","Koprivnicko-Krizevacka","Krapinsko-Zagorska","Licko-Senjska","Medimurska","Osjecko-Baranjska","Pozesko-Slavonska","Primorsko-Goranska","Sibensko-Kninska","Sisacko-Moslavacka","Splitsko-Dalmatinska","Varazdinska","Viroviticko-Podravska","Vukovarsko-Srijemska","Zadarska","Zagreb"," Zagrebacka"]},{"country":"Cuba","alpha2Code":"CU","alpha3Code":"CUB","numberCode":"192","states":["Camagüey","Ciego de Avila","Cienfuegos","La Havane","Granma","Guantánamo","Holguín","Isla de la Juventud","La Havane","Las Tunas","Matanzas","Pinar del Río","Sancti Spiritus","Santiago de Cuba","Villa Clara"]},{"country":"Chypre","alpha2Code":"CY","alpha3Code":"CYP","numberCode":"196","states":["Famagusta","Kyrenia","Larnaca","Limassol","Nicosia","Paphos"]},{"country":"République tchèque","alpha2Code":"CZ","alpha3Code":"CZE","numberCode":"203","states":["Jihocesky Kraj","Jihomoravsky Kraj"," Karlovarsky Kraj","Kralovehradecky Kraj","Liberecky Kraj","Moravskoslezsky Kraj","Olomoucky Kraj","Pardubicky Kraj","Plzensky Kraj","Praha","Stredocesky Kraj","Ustecky Kraj","Vysocina ","Zlinsky Kraj"]},{"country":"Danemark","alpha2Code":"DK","alpha3Code":"DNK","numberCode":"208","states":["Arhus","Bornholm","Frederiksberg","Frederiksborg","Fyn","Kobenhavn","Kobenhavns","Nordjylland","Ribe","Ringkobing","Roskilde","Sonderjylland","Storstrom"," Vejle","Vestsjalland","Viborg"]},{"country":"Djibouti","alpha2Code":"DJ","alpha3Code":"DJI","numberCode":"262","states":["Ali Sabih","Dikhil","Djibouti","Obock","Tadjourah"]},{"country":"Dominique","alpha2Code":"DM","alpha3Code":"DMA"," numberCode":"212","states":["Saint André","Saint David","Saint George","Saint Jean","Saint Joseph","Saint Luc","Saint Marc","Saint Patrick ","San Pablo","San Pedro"]},{"country":"République dominicaine","alpha2Code":"DO","alpha3Code":"DOM","numberCode":"214","states":["Azua","Baoruco","Barahona","Dajabón","Distrito Nacional","Duarte","Elías Pina","El Seibo","Espaillat","Hato Mayor","Indépendance","La Altagracia","La Romana","La Vega","María Trinidad Sánchez"," Monseigneur Nouel","Monte Cristi","Monte Plata","Pedernales","Peravia","Puerto Plata","Salcedo","Samaná","Sánchez Ramírez","San Cristóbal","San José de Ocoa ","San Juan","San Pedro de Macorís","Santiago","Santiago Rodríguez","Santo Domingo","Valverde"]},{"country":"Timor Oriental","alpha2Code":" TL ","alpha3Code":"TLS","numberCode":"626","states":["Aileu","Ainaro","Baucau","Bobonaro","Cova-Lima","Dili"," Ermera","Lautem","Liquica","Manatuto","Manufahi","Oecussi","Viqueque"]},{"country":"Équateur","alpha2Code":"EC","alpha3Code":"ECU","numberCode":"218","states":["Azuay","Bolivar","Canar","Carchi","Chimborazo","Cotopaxi","El Oro","Esmeraldas","Galapagos","Guayas","Imbabura","Loja","Los Ríos","Manabí","Morona-Santiago","Napo","Orellana ","Pastaza","Pichincha","Sucumbios","Tungurahua","Zamora-Chinchipe"]},{"country":"Egipto","alpha2Code":"EG","alpha3Code":"EGY","numberCode":"818","states":["Ad Daqahliyah","Al Bahr al Ahmar","Al Buhayrah","Al Fayoum","Al Gharbiyah","Al Iskandariyah","Al Isma' iliyah","Al Jizah","Al Minufiyah","Al Minya","Al Qahirah","Al Qalyubiyah","Al Wadi al Jadid","Ash Sharqiyah","As Suways","Assouan"," Asyut","Bani Suwayf","Bur Sa'id","Dumyat","Janub Sina'","Kafr ash Shaykh","Matruh","Qina","Shamal Sina'","Suhaj"]},{"country":"Salvador","alpha2Code":"SV","alpha3Code":"SLV","numberCode":"222","states":["Ahuachapan","Cabanas","Chalatenango ","Cuscatlán","La Libertad","La Paz","La Unión","Morazán","San Miguel","San Salvador","Santa Ana","San Vicente","Sonsonate"," Usulutan"]},{"country":"Guinée équatoriale","alpha2Code":"GQ","alpha3Code":"GNQ","numberCode":"226","states":["Annobon","Bioko North","Bioko Sur","South Center","Kie-Ntem","Litoral","Wele-Nzas"]},{"country":"Érythrée","alpha2Code":"ER","alpha3Code ":"ERI","numberCode":"232","states":["Anseba","Debub","Debubawi K'eyih Bahri","Gash Barka","Ma'akel","Semenawi Keyih Bahri "]},{"country":"Estonie","alpha2Code":"EE","alpha3Code":"EST","numberCode":"233","states":["Harjumaa (Tallinn)"," Hiiumaa (Kardla)","Ida-Virumaa (Johvi)","Jarvamaa (Paide)","Jogevamaa (Jogeva)","Laanemaa (Haapsalu)","Laane-Virumaa (Rakvere)","Parnumaa (Parnu) ","Polvamaa (Polva)","Raplamaa (Rapla)","Saaremaa (Kuressaare)","Tartumaa (Tartu)","Valgamaa (Valga)","Viljandimaa (Viljandi)","Vorumaa (Voru)"]},{"country":"Éthiopie","alpha2Code":"ET","alpha3Code":"ETH","numberCode":"231","states":["Addis Abeba","Afar","Amhara","Binshangul Gumuz","Dire Dawa","Gambela Hizboch","Harari","Oromia","Somali","Tigré","Région des nations, nationalités et peuples du Sud"]},{" country":"Fidji","alpha2Code":"FJ","alpha3Code":"FJI","numberCode":"242","states":["Central (Suva)","East (Levuka)","Nord (Labasa)","Rotuma","Ouest (Lautoka)"]},{"country":"Finlande","alpha2Code":"FI","alpha3Code":"FIN","numberCode":"246","states":["Aland","Etela-Suomen Laani","Ita-Suomen Laani","Lansi-Suomen Laani","Lappi","Oulun Laani "]},{"country":"France","alpha2Code":"FR","alpha3Code":"FRA","numberCode":"250","states":["Alsace","Aquitaine","Auvergne","Basse-Normandie","Bourgogne","Bretagne","Centre","Champagne-Ardenne","Corse","Franche-Comté","Haute-Normandie","Ile-de-France","Languedoc-Roussillon","Limousin","Lorraine","Midi-Pyrénées","Nord-Pas-de-Calais","Pays de la Loire","Picardie","Poitou-Charentes","Provence - Alpes-Côte d'Azur","Rhône-Alpes"]},{"country":"Guyane française","alpha2Code":"GF","alpha3Code":"GUF","numberCode":"254","states":["Awala-Yalimapo","Mana"," Saint-Laurent-du-Maroni","Apatou","Grand-Santi","Papaïchton","Saül","Maripasoula","Camopi","Saint-Georges","Ouanary","Régina"," Roura","Saint-Élie","Iracoubo","Sinnamary","Kourou","Macouria","Montsinéry-Tonnegrande","Matoury","Cayenne","Remire-Montjoly"]},{"pays ":"Polynésie française","alpha2Code":"PF","alpha3Code":"PYF","numberCode":"258","states":["Îles Marquises","Îles sous le vent"," Au vent","Tuāmotu-Gambier","Îles Australes"]},{"country":"Gabon","alpha2Code":"GA","alpha3Code":"GAB","numberCode":"266"," states":["Estuaire","Haut-Ogooue","Moyen-Ogooue","Ngounie","Nyanga","Ogooue-Ivindo","Ogooue-Lolo","Ogooue-Maritime","Woleu-Ntem"]},{"country":"Gambie","alpha2Code":"GM","alpha3Code":"GMB","numberCode":"270","states":["Banjul","Central River","Lower River","North Bank","Upper River","Western"]},{"country":"Géorgie","alpha2Code":"GM","alpha3Code":"GM B","numberCode":"270","states":["Abkhazie","Adjara","Guria","Imereti","Kakheti","Kvemo Kartli","Mtskheta-Mtianeti","Racha- Lechkhumi et Kvemo Svaneti","Samegrelo-Zemo Svaneti","Samtskhe-Javakheti","Shida Kartli","Tbilissi"]},{"country":"Allemagne","alpha2Code":"DE","alpha3Code":"DEU","numberCode":"276","states":["Bade-Wurtemberg","Bayern","Berlin","Brandebourg","Brême","Hambourg","Hesse","Mecklembourg -Vorpommern","Niedersachsen","Nordrhein-Westfalen","Rhénanie-Palatinat","Sarre","Sachsen","Sachsen-Anhalt","Schleswig-Holstein","Thueringen"]},{"country":"Ghana","alpha2Code":"GH","alpha3Code":"GHA","numberCode":"288","states":["Ashanti","Brong-Ahafo","Central","East ","Grand Accra","Nord","Upper East","Upper West","Volta","West"]},{"country":"Grèce","alpha2Code":"GR","alpha3Code ":"GRC","numberCode":"300","states":["Agion Oros","Achaia","Aitolia kai Akarmania","Argolis","Arkadia","Arta","Attiki","Chalkidiki","Chanion","Chios","Dodekanisos","Drame","Evros","Evrytania","Evvoia","Florina"," Fokidos","Fthiotis","Grevena","Ileia","Imathia","Ioannina","Irakleion","Karditsa","Kastoria","Kavala","Kefallinia","Kerkyra","Kilkis","Corinthie","Kozani","Kyklades","Lakonia","Larisa","Lassithi","Lefkas","Lesbos","Magnisia","Messinia","Pella","Pieria"," Preveza","Rethynnis","Rhodopi","Samos","Serrai","Thesprotia","Thessaloniki","Trikala","Voiotia","Xanthi","Zakynthos"]},{"country":"Groenland","alpha2Code":"GL","alpha3Code":"GRL","numberCode":"304","states":["Avannaa (Nordgronland)","Tunu (Ostgronland)","Kitaa ( Vestgronland)"]},{"country":"Grenade","alpha2Code":"GD","alpha3Code":"GRD","numberCode":"308","states":["Carriacou et Petite Martinique","Saint Andrew","Saint David","Saint George","Saint John","Saint Marc","Saint Patrick"]},{"country":"Guatemala","alpha2Code":"GT","alpha3Code":"GTM","numberCode":"320","states":["Alta Verapaz","Baja Verapaz","Chimaltenango","Chiquimula","El Progreso","Escuintla","Guatemala ","Huehuetenango","Izabal","Jalapa","Jutiapa","Peten","Quetzaltenango","Quiche","Retalh uleu","Sacatepéquez","San Marco","Santa Rosa","Sololá","Suchitepéquez","Totonicapán","Zacapa"]},{"country":"Guinée","alpha2Code":"GN ","alpha3Code":"GIN","numberCode":"324","states":["Beyla","Boffa","Boke","Conakry","Coyah","Dabola","Dalaba","Dinguiraye","Dubreka","Faranah","Forecariah","Fria","Gaoual","Gueckedou","Kankan","Kerouane","Kindia","Kissidougou","Koubia"," Koundara","Kouroussa","Labe","Lelouma","Lola","Macenta","Mali","Mamou","Mandiana","Nzerekore","Pita","Siguiri","Telimele","Tougue","Yomou"]},{"country":"Guinée-Bissau","alpha2Code":"GW","alpha3Code":"GNB","numberCode":"624","states":["Bafata","Biombo","Bissau","Bolama","Cacheu","Gabu","Oio","Quinara","Tombali"]},{"country":"Guyane","alpha2Code ":"GY","alpha3Code":"CHICO","numberCode":"328","states":["Barima-Waini","Cuyuni-Mazaruni","Demerara-Mahaica","East Berbice-Corentyne ","Îles Essequibo-West Demerara","Mahaica-Berbice","Pomeroon-Supenaam","Potaro-Siparuni","Haut Demerara-Berbice","Haut Takutu-Haut Essequibo"]},{"country":"Haïti","alpha2Code":"HT","alpha3Code":"HTI","numberCode":"332","states":["Artibonite","Centro","Grand 'Anse ","Nord","Nord-Est","Nord-Ouest","Ouest","Sud","Sud-Est"]},{"country":"Honduras","alpha2Code":"HN","alpha3Code":"HND","numberCode":"340","states":["Atlántida","Choluteca","Colón","Comayagua","Copán","Cortes","El Paraíso","Francisco Morazán","Dieu merci","Intibuca","Bay Islands","La Paz","Lempira","Ocotepeque","Olancho","Santa Bárbara","Valle","Yoro"]},{"country":"Hong Kong","alpha2Code":"HK","alpha3Code":"HKG","numberCode":"344","states":["Îles","Kwai Tsing","Nord","Sai Kung","Sha Tin","Tai Po","Tsuen Wan","Tuen Mun","Yuen Long","Kowloon City","Kwun Tong","Sham Shui Po","Wong Tai Sin","Yau Tsim Mong","Centre et Ouest","Est","Sud","Wan Chai"]},{"country":"Hongrie","alpha2Code":" HU","alpha3Code":"HUN","numberCode":"348","states":["Bacs-Kiskun","Baranya","Bekes","Borsod-Abauj-Zemplen","Csongrad","Fejer","Gyor-Moson-Sopron","Hajdu-Bihar","Heves","Jasz-Nagykun -Szolnok","Komarom-Esztergom","Nograd","Pest","Somogy","Szabolcs-Szatmar-Bereg","Tolna","Vas","Veszprem","Zala"]},{" country":"Islande","alpha2Code":"ES","alpha3Code":"ISL","numberCode":"352","states":["Austurland","Hofudhborgarsvaedhi","Nordhurland Eystra"," Nordhurland Vestra","Sudhurland","Sudhurnes","Vestfirdhir","Vesturland"]},{"country":"Inde","alpha2Code":"IN","alpha3Code":"IND","numberCode":"356","states":["Îles Andaman et Nicobar","Andhra Pradesh","Arunachal Pradesh","Assam","Bihar","Chandigarh","Chhattisgarh","Dadra et Nagar Haveli","Daman et Diu","Delhi","Goa","Gujarat","Haryana","Himachal Pradesh","Jammu et Cachemire","Jharkhand","Karnataka","Kerala","Ladakh"," Lakshadweep "," Madhya Pradesh "," Maharashtra "," Manipur "," Meghalaya "," Mizoram "," Nagaland "," Orissa "," Pondichéry "," Punjab "," Rajasthan "," Sikkim "," Tamil Nadu","Telangana","Tripura","Uttaranchal","Uttar Pradesh","Bengale occidental"]},{"country":"Indonésie","alpha2Code":"ID","alpha3Code":"IDN ","numberCode":"360","states":["Aceh ","Bali","Banten","Bengkulu","Gorontalo","Irian Jaya Barat","Jakarta Raya","Jambi","Jawa Barat","Jawa Tengah","Jawa Timur","Kalimantan Barat","Kalimantan Selatan","Kalimantan Tengah","Kalimantan Timur","Kepulauan Bangka Belitung","Kepulauan Riau","Lampung","Maluku","Maluku Utara","Nusa Tenggara Barat","Nusa Tenggara Timur","Papouasie","Riau","Sulawesi Barat","Sulawesi Selatan","Sulawesi Tengah","Sulawesi Tenggara","Sulawesi Utara","Sumatera Barat","Sumatera Selatan","Sumatera Utara ","Yogyakarta"]},{"country":"Iran","alpha2Code":"IR","alpha3Code":"IRN","numberCode":"364","states":["Ardabil","Azarbayjan-e Gharbi","Azarbayjan-e Sharqi","Bushehr","Chahar Mahall va Bakhtiari","Ispahan","Fars","Gilan","Golestan","Hamadan","Hormozgan"," Ilam","Kerman","Kermanshah","Khorasan-e Janubi","Khorasan-e Razavi","Khorasan-e Shemali","Khuzestan","Kohgiluyeh va Buyer Ahmad","Kordestan","Lorestan","Markazi","Mazandaran","Qazvin","Qom","Semnan","Sistan va Baluchestan","Téhéran","Yazd","Zanjan"]},{"country":"Ira k","alpha2Code":"IQ","alpha3Code":"IRQ","numberCode":"368","states":["Al Anbar","Al Basrah","Al Muthanna","Al Qadisiyah ","An Najaf","Arbil","As Sulaymaniyah","At Ta'mim","Babil","Bagdad","Dahuk","Dhi Qar","Diyala","Karbala '"," Maysan","Ninawa","Salah ad Din","Wasit"]},{"country":"Irlande","alpha2Code":"IE","alpha3Code":"IRL","numberCode":"372","states":["Carlow","Cavan","Clare","Cork","Donegal","Dublin","Galway","Kerry","Kildare","Kilkenny","Laois","Leitrim","Limerick","Longford","Louth","May ","Meath","Monaghan","Offaly","Roscommon","Sligo","Tipperary","Waterford","Westmeath","Wexford","Wicklow"]},{"country":" Israël","alpha2Code":"IL","alpha3Code":"ISR","numberCode":"376","states":["Central","Haïfa","Jérusalem","Nord","Sud ","Tel Aviv"]},{"country":"Italie","alpha2Code":"IT","alpha3Code":"ITA","numberCode":"380","states":["Abruzzes","Basilicate","Calabre","Campanie","Émilie-Romagne","Frioul-Vénétie Julienne","Latium","Ligurie","Lombardie","Marches","Molise","Piémont","Pouilles","Sardaigne","Sicile","Toscane","Trentin-Haut-Adige","Ombrie","Vallée d'Aoste","Vénétie"]},{"country":"Jamaïque","alpha2Code ":"JM","alpha3Code":"ATASCO","numberCode":"388","states":["Clarendon","Hanovre","Kingston","Manchester","Portland","San Andreas ","Santa Ana","Santa Catalina","St. Elizabeth","Santiago","St. Mary","St. Thomas","Trelawny","Westmoreland"]},{"country":"Japon","alpha2Code":"JP"," alpha3Code":"JPN","numberCode":"392","states":["Aichi","Akita","Aomori","Chiba","Ehime","Fukui","Fukuoka","Fukushima "," Gifu","Gumma","Hiroshima","Hokkaido","Hyogo","Ibaraki","Ishikawa","Iwate","Kagawa","Kagoshima","Kanagawa","Kochi","Kumamoto","Kyoto","Mie","Miyagi","Miyazaki","Nagano","Nagasaki","Nara","Niigata","Oita","Okayama","Okinawa","Osaka"," Saga","Saitama","Shiga","Shimane","Shizuoka","Tochigi","Tokushima","Tokyo","Tottori","Toyama","Wakayama","Yamagata","Yamaguchi","Yamanashi"]},{"country":"Jordanie","alpha2Code":"JO","alpha3Code":"JOR","numberCode":"400","states":["Ajlun "," Al 'Aqabah","Al Balqa'","Al Karak","Al Mafraq","'Amman","At Tafilah","Az Zarqa'","Irbid","Jarash","Ma 'an","Madaba"]},{"country":"Kazakhstan","alpha2Code":"KZ","alpha3Code":"KAZ","numberCode":"398","states":["Almaty Oblysy","Almaty Qalasy","Aqmola Oblysy","Aqtobe Oblysy","Astana Qalasy","Aty rau Oblysy","Batys Qazaqstan Oblysy","Bayqongyr Qalasy","Mangghystau Oblysy","Ongtustik Qazaqstan Oblysy","Pavlodar Oblysy","Qaraghandy Oblysy","Qostanay Oblysy","Qyzylorda Oblysy","Shyghys Qazaqstan Oblysy","Soltustik Qazaqstan Oblysy","Zhambyl Oblysy"]},{"country":"Kenya","alpha2Code":"KE","alpha3Code":"KEN","numberCode":"404","states ":["Centre","Côte","Est","Région de Nairobi","Nord-Est","Nyanza","Vallée du Rift","Ouest"]},{"country":"Kiribati","alpha2Code ":"KI","alpha3Code":"KIR","numberCode":"296","states":["Banaba","Tarawa","Northern Gilbert Islands","Central Gilbert Island","South Gilbert Islands","Line Islands"]},{"country":"Corée du Nord","alpha2Code":"KP","alpha3Code":"PRK","numberCode":"408","states":[" Chagang","North Hamgyong","South Hamgyong","North Hwanghae","South Hwanghae","Kangwon","North P'yongan","South P'yongan","Yanggang ","Kaesong"," Najin","Namp'o","Pyongyang"]},{"country":"Corée du Sud","alpha2Code":"KR","alpha3Code":"KOR"," numberCode":"410"," states":["Séoul","Busan City","Daegu City","Incheon City","Gwangju City","Daejeon City","Ulsan","Gyeonggi Province","Gangwon Province","North Chungcheong","South Chungcheong Province","North Jeolla Province","South Jeolla Province","North Gyeongsang Province","South Gyeongsang Province","Jeju"]},{"country":"Koweït","alpha2Code":"KW","alpha3Code":"KWT","numberCode":"414","states":["Al Ahmadi","Al Farwaniyah","Al Asimah ","Al Jahra","Hawalli","Mubarak Al-Kabeer"]},{"country":"Kirghizistan","alpha2Code":"KG","alpha3Code":"KGZ","numberCode":" 417","states":["Batken Oblast","Bishkek Shaary Oblast","Chuy Oblast","Jalal-Abad Oblast","Naryn Oblast","Osh Oblast","Osh Oblast Talas","Ysyk-Kol Oblastia"]},{"country":"Laos","alpha2Code":"LA","alpha3Code":"LAO","numberCode":"418","states":["Attapu","Bokeo","Bolikhamxai","Champasak","Houaphan","Khammouan"," Louangnamtha","Louangphrabang","Oudomxai","Phongsali","Salavan","Savannakhet","Viangchan","Viangchan","Xaignabouli","Xaisomboun","Xekong","Xiangkhoang"]},{"country":"Lettonie","alpha2Code":"LV","alpha3Code":"LVA","numberCode":"428","states":["Aizkraukles Rajons","Aluksnes Rajons","Balvu Rajons","Bauskas Rajons","Cesu Rajons","Daugavpils","Daugavpils Rajons","Dobeles Rajons","Gulbenes Rajons","Jekabpils Rajons","Jelgava","Jelgavas Rajons","Jurmala","Kraslavas Rajons"," Kuldigas Rajons "," Liepaja "," Liepajas Rajons "," Limbazu Rajons "," Ludzas Rajons "," Madonas Rajons "," Ogres Rajons "," Preilu Rajons "," Rezekne "," Rezeknes ","Rajons","Riga","Rigas Rajons","Saldus Rajons","Talsu Rajons","Tukuma Rajons","Valkas Rajons","Valmieras Rajons","Ventspils","Ventspils Rajons"]},{" country":"Liban","alpha2Code":"LB","alpha3Code":"LBN","numberCode":"422","states":["Beyrouth","Beqaa","Liban-Nord","Liban-Sud","Mont-Liban","Nabatiye"]},{"country":"Lesotho","alpha2Code":"LS","alpha3Code":"LSO","numberCode":"426","states":["Berea","Butha-Buthe","Leribe","Mafeteng","Maseru","Mohale's Hoek","Mokhotlong","Qacha's Nek","Quthing","Thaba-Tseka "]},{"country":"Libéria","alpha2Co de":"LR","alpha3Code":"LBR","numberCode":"430","states":["Bomi","Bong","Gbarpolu","Grand Bassa","Grand Cape Mount","Grand Gedeh","Grand Kru","Lofa","Margibi","Maryland","Montserrado","Nimba","River Cess","River Gee","Sinoe"]},{"pays ":"Libye","alpha2Code":"LY","alpha3Code":"LBY","numberCode":"434","states":["Ajdabiya","Al 'Aziziyah","Al Fatih","Al Jabal al Akhdar","Al Jufrah","Al Khums","Al Kufrah","An Nuqat al Khams","Ash Shati'","Awbari","Az Zawiyah","Banghazi","Darnah","Ghadamis","Gharyan","Misratah","Murzuq","Sabha","Sawfajjin","Surt","Tarabulus","Tarhunah","Tubruq","Yafran","Zlitan"]},{"country":"Liechtenstein","alpha2Code":"LI","alpha3Code":"LIE","numberCode":"438","claims":["Balzers","Eschen","Gamprin ","Mauren","Planken","Ruggell","Schaan","Schellenberg","Triesen","Triesenberg","Vaduz"]},{"country":"Lituanie","alpha2Code":" LT","alpha3Code":"LTU","numberCode":"440","states":["Alytaus","Kauno","Klaipedos","Marijampoles","Panevezio","Siauliu","Taurages "," Telsiu "," Utenos "," Vi lniaus"]},{"country":"Luxembourg","alpha2Code":"LU","alpha3Code":"LUX","numberCode":"442","states":["Diekirch","Grevenmacher","Luxembourg"]},{"country":"Macédoine","alpha2Code":"MK","alpha3Code":"MKD","numberCode":"807","states":["Aérodrome"," Aracinovo","Berovo","Bitola","Bogdanci","Bogovinje","Bosilovo","Brvenica","Butel","Cair","Caska","Centar","Centar Zupa","Cesinovo ","Cucer-Sandevo","Debar","Debartsa","Delcevo","Demir Hisar","Demir Kapija","Dojran","Dolneni","Drugovo","Gazi Baba","Gevgelija","Gjorce Petrov","Gostivar","Gradsko","Ilinden","Jegunovce","Karbinci","Karpos","Kavadarci","Kicevo","Kisela Voda","Kocani","Konce","Kratovo","Kriva Palanka","Krivogastani","Krusevo","Kumanovo","Lipkovo","Lozovo","Makedonska Kamenica","Makedonski Brod","Mavrovo i Rastusa","Mogila","Negotino","Novaci","Novo Selo","Ohrid","Oslomej","Pehcevo","Petrovec","Plasnica","Prilep","Probistip","Radovis","Rankovce"," Resen","Rosoman","Saraj","Skopje","Sopiste","Staro Nagoricane","Stip","Struga","Strumica","Stu denicani","Suto Orizari","Sveti Nikole","Tearce","Tetovo","Valandovo","Vasilevo","Veles","Vevcani","Vinica","Vranestica","Vrapciste"," Zaja s","Zelenikovo","Zelino","Zrnovci"]},{"country":"Madagascar","alpha2Code":"MG","alpha3Code":"ODM","numberCode":"450","states":["Antananarivo","Antsiranana","Fianarantsoa","Mahajanga","Toamasina","Toliara"]},{"country":"Malawi","alpha2Code":"MW"," alpha3Code":"MWI","numberCode":"454","states":["Balaka","Blantyre","Chikwawa","Chiradzulu","Chitipa","Dedza","Dowa","Karonga ","Kasungu","Likoma","Lilongwe","Machinga","Mangochi","Mchinji","Mulanje","Mwanza","Mzimba","Ntcheu","Nkhata Bay","Nkhotakota","Nsanje","Ntchisi","Phalombe","Rumphi","Salima","Thyolo","Zomba"]},{"country":"Malaisie","alpha2Code":"MI","alpha3Code ":"MIS","numberCode":"458","states":["Johor","Kedah","Kelantan","Kuala Lumpur","Labuan","Malacca","Negeri Sembilan"," Pahang","Perak","Perlis","Penang","Sabah","Sarawak","Selangor","Terengganu"]},{"country":"Maldives","alpha2Code":"MV","codealpha3":"MDV","numberCode":"462","states":["Alifu","Baa","Dhaalu","Faafu","Gaafu Alifu","Gaafu Dhaalu","Gnaviyani","Haa Alifu ","Haa Dhaalu","Kaafu","Laamu","Lhaviyani","Maale","Meemu","Noonu","Raa","Seenu","Shaviyani","Thaa","Vaavu"]},{"country":"Mali","alpha2Code":"ML","alpha3Code":"MLI","numberCode":"466","states":["Bamako (capitale)","Gao ","Kayes","Kidal","Koulikoro","Mopti","Ségou","Sikasso","Tombouctou"]},{"country":"Malte","alpha2Code":"MT"," alpha3Code":"MLT","numberCode":"470","states":["South Port","North Port","West District","North District","Gozo y Comino"]},{" country":"Îles Marshall","alpha2Code":"MH","alpha3Code":"MHL","numberCode":"584","states":["Ailuk","Ailinglaplap","Arno"," Aur","Ebon","Enewetak","Jabat","Jaluit","Kili","Kwajalein","Lae","Lib","Likiep","Majuro","Maloelap","Mejit","Mili","Namorik","Namu","Rongelap","Ujae","Utirik","Wotho","Wotje","Ailinginae","Bikar","Bikini","Bokak"," Erikub","Jemo","Rongrik","Toke","Ujelang"]},{"country":"Mauritanie","alpha2Code":"MR","alpha3Code":"MRT","numberCode":"478","states":["Adrar","Assaba","Brakna","Dakhlet Nouadhibou","Gorgol","Guidimaka","Hodh Ech Chargui","Hodh El Gharbi","Inchiri","Nouakchott","Tagant","Tiris Zemmour","Trarza"]},{" country":"Mauricio","alpha2Code":"MU","alpha3Code":"MUS","numberCode":"480","states":["Islas Agalega","Río Negro","Loaded Carajos Shoals ","Flacq","Grand Port","Moka","Pamplemousses","Plaines Wilhems","Port Louis","Riviere du Rempart","Rodrigues","Savanne"]},{"country":"Mexico","alpha2Code":"mx","alpha3Code":"MEX","numberCode":"484","states":["Aguascalientes","Baja California","Baja California Sur","Campeche ","Chiapas","Chihuahua","Coahuila de Zaragoza","Colima","District fédéral","Durango","Guanajuato","Guerrero","Hidalgo","Jalisco","Mexique"," Michoacán de Ocampo","Morelos","Nayarit","New León","Oaxaca","Puebla","Querétaro de Arteaga","Quintana Roo","San Luis Potosí","Sinaloa","Sonora","Tabasco","Tamaulipas","Tlaxcala","Veracruz-Lla ve","Yucatán","Zacatecas"]},{"country":"Micronésie","alpha2Code":"FM","alpha3Code":"FSM","numberCode":"583","affirme":["Chuuk","Kosrae","Pohnpei","Yap"]},{"country":"Moldavie","alpha2Code":"MD","alpha3Code":"MDA","numberCode":"498 ","states":["Anenii Noi","Basarabeasca","Briceni","Cahul","Cantemir","Calarasi","Causeni","Cimislia","Criuleni","Donduseni","Drochia ","Dubasari","Edinet","Falesti","Floresti","Glodeni","Hincesti","Ialoveni","Leova","Nisporeni","Ocnita","Orhei","Rezina","Riscani","Singerei","Soldanesti","Soroca","Stefan-Voda","Straseni","Taraclia","Telenesti","Ungheni","Balti","Bender","Chisinau","Gagaouzie","Stinga Nistrului"]},{"country":"Monaco","alpha2Code":"MC","alpha3Code":"MCO","numberCode":"492","states":[" Monaco-Ville","La Condamine","Monte Carlo","Fontvieille"]},{"country":"Mongolie","alpha2Code":"MN","alpha3Code":"MNG","numberCode":"496","states":["Arhangay","Bayanhongor","Bayan-Olgiy","Bulgan","Darhan Uul","Dornod","Dornogovi","Dundgovi","Dzavhan","Govi -Altay","Govi-S umber","Hentiy","Hovd","Hovsgol","Omnogovi","Orhon","Ovorhangay","Selenge","Suhbaatar","Tov","Ulaanbaatar","Uvs"]},{"country":"Maroc","alpha2Code":"MA","alpha3Code":"MAR","numberCode":"504","states":["Agadir","Al Hoceima","Azilal","Beni Mellal","Ben Slimane","Boulemane","Casablanca","Chaouen","El Jadida","El Kelaa des Sraghna","Er Rachidia","Essaouira","Fès","Figuig","Guelmim","Ifrane","Kenitra","Khemisset","Khenifra","Khouribga","Laâyoune","Larache","Marrakech","Meknès","Nador","Ouarzazate"," Oujda","Rabat-Salé","Safi","Settat","Sidi Kacem","Tanger","Tan-Tan","Taounate","Taroudannt","Tata","Taza","Tétouan ","Tiznit"]},{"country":"Mozambique","alpha2Code":"MZ","alpha3Code":"MZ","numberCode":"508","states":["Cabo Delgado","Gaza","Inhambane","Manica","Maputo","Cidade de Maputo","Nampula","Niassa","Sofala","Tete","Zambezia"]},{"country":"Namibie","alpha2Code":"NA","alpha3Code":"NAM","numberCode":"516","states":["Caprivi","Erongo","Hardap","Karas"," Khomas","Kunene","Ohangwena","Okavango","Omaheke","Omusati","Oshana","Oshikoto","Otjozondjupa"]},{"country":"Nauru","alpha2Code":"NR","alpha3Code":"NRU","numberCode":"520","states":["Aiwo","Anabar","Anetan","Anibare"]},{"country":"Népal","alpha2Code":"NP","alpha3Code":" NPL","numberCode":"524","states":["Bagmati","Bheri","Dhawalagiri","Gandaki","Janakpur","Karnali","Kosi","Lumbini","Mahakali ","Mechi","Narayani","Rapti","Sagarmatha","Seti"]},{"country":"Pays-Bas","alpha2Code":"NL","alpha3Code":"NLD"," numberCode":"528","states":["Drenthe","Flevoland","Frise","Gueldre","Groningue","Limbourg","Noord-Brabant","Noord-Holland"," Overijssel ","Utrecht","Zealand","Zuid-Holland"]},{"country":"Nouvelle-Zélande","alpha2Code":"NZ","alpha3Code":"NZL","numberCode":" 554 ","states":["Auckland","Bay of Plenty","Canterbury","Chatham Islands","Gisborne","Hawke's Bay","Manawatu-Wanganui","Marlborough","Nelson"," Northland","Otago","Southland","Taranaki","Tasman","Waikato","Wellington","Côte ouest"]},{"country":"Nicaragua","alpha2Code":"NI ","Haut ha3Code":"NIC","numberCode":"558","states":["Atlantique Nord","Atlantique Sud","Boaco","Carazo","Chinandega","Chontales","Estelí","Grenade","Jinotega","León","Madriz","Managua","Masaya","Matagalpa","Nueva Segovia","Río San Juan","Rivas"]},{"country":"Niger","alpha2Code":"NE","alpha3Code":"NER","numberCode":"562","states":["Agadez","Diffa","Dosso","Maradi"," Niamey","Tahoua","Tillabéri","Zinder"]},{"country":"Nigeria","alpha2Code":"NG","alpha3Code":"NGA","numberCode":"566","states":["Abia","Abuja Capital Federal","Adamawa ","Akwa Ibom","Anambra","Bauchi","Bayelsa","Benue","Borno","Cross River","Delta","Ebonyi","Edo","Ekiti","Enugu ","Gombe","Imo","Jigawa","Kaduna","Kano","Katsina","Kebbi","Kogi","Kwara","Lagos","Nassarawa","Niger","Ogun","Ondo","Osun","Oyo","Plateau","Rivières","Sokoto","Taraba","Yobe","Zamfara"]},{"country":"Norvège","alpha2Code":"NO","alpha3Code":"NOR","numberCode":"578","states":["Akershus","Aust-Agder","Buskerud","Finnmark","Hedmark ","Hordaland","More og Romsdal","Nordland","Nord-Trondelag","Oppland","Oslo","Ostfold","Rogaland","Sogn og Fjordane","Sor-Trondelag","Telemark","Troms","Vest-Agder","Vestfold"]},{"country":"Oman","alpha2Code":"OM","alpha3Code":"OMN","numberCode":" 512","states":["Ad Dakhiliyah","Al Batinah","Al Wusta","Ash Sharqiyah","Az Zahirah","Masqat","Musandam","Dhofar"]},{"pays ":"Pakistan","alpha2Code":"PK","alpha3Code":"PAK","numberCode":"586"," states":["Baloutchistan","Northwest Frontier Province","Punjab","Sindh","Islamabad Capital Territory","Federally Administered Tribal Areas"]},{"country":" Panama","alpha2Code":"PA","alpha3Code":"PAN","numberCode":"591","states":["Bocas del Toro","Chiriquí","Coclé","Colón","Darién","Herrera","Los Santos","Panama","San Blas","Veraguas"]},{"country":"Papouasie-Nouvelle-Guinée","alpha2Code":"PG","alpha3Code":"PNG","numberCode ":"598","states":["Bougainville","Central","Chimbu","Eastern Highlands","East New Britain","East Sepik","Enga","Gulf","Madang","Manus","Milne Bay","Morobe","Capitale nationale","Nouvelle-Irlande","Nord","Sandaun","Southern Highlands","Ouest","Western Highlands","Ouest de la Nouvelle-Bretagne"]},{"country":"Paraguay","alpha2Code":"PY","alpha3Code":"PRY","numberCode":"600","états":["Haut Paraguay","Haut Paraná ","Amambay","Asunción","Boquerón","Caaguazú","Caazapa","Canindeyú","Central","Concepción","Cordillera","Guaira ","Itapua","Missions","Neembucu","Paraguari","Président Hayes","San Pedro"]},{"country":"Pérou","alpha2Code":"PE","alpha3Code":"PER","numberCode":"604"," états":["Amazonas","Ancash","Apurimac","Arequipa","Ayacucho","Cajamarca","Callao","Cusco","Huancavelica","Huanuco","Ica","Junin ","La Libertad","Lambayeque","Lima","Loreto","Madre de Dios","Moquegua","Pasco","Piura","Puno","San Martin","Tacna","Tumbes","Ucayali"]},{"country":"Philippines","alpha2Code":"PH","alpha3Code":"PHL","numberCode":"608","states":["Abra ","Agusan del Norte","Agusan del Sur","Aklan","Albay","Antiquité","Apayao","Aurora","Basilan","Bataan","Batanes","Batangas","Biliran","Benguet","Bohol","Bukidnon","Bulacan","Cagayan","Camarines Norte","Camarines Sur","Camiguin","Capiz","Catanduanes","Cavite","Cebu","Compostelle","Davao del Norte","Davao del Sur","Davao Oriental","Samar Oriental","Guimaras","Ifugao","Ilocos Norte","Ilocos Sur","Iloilo","Isabela","Kalinga","Laguna","Lanao del Norte","Lanao del Sur","La Union","Leyte","Maguindanao","Marinduque","Masbate","Mindoro Occidental","Mindoro Oriental","Misamis Occidental","Misamis Oriental","Mountain Province","Negros Occidental","Negros Oriental","North Cotabato","Northern Samar","Nueva Ecija","Nueva Vizcaya","Palawan","Pampanga","Pangasinan","Quezon","Quirino","Rizal","Romblon","Samar","Sarangani","Siquijor"," Sorsogon"," South Cotabato","Southern Leyte","Sultan Kudarat","Sulu","Surigao del Norte","Surigao del Sur","Tarlac","Tawi-Tawi","Zambales","Zamboanga del Norte","Zamboanga del Sur","Zamboanga Sibugay"]},{"country":"Pologne","alpha2Code":"PL","alpha3Code":"POL","numberCode":"616","states":["Grande Pologne (Wielkopolskie)","Kuyavia-Pomerania (Kujawsko-Pomorskie)","Petite Pologne (Malopolskie)","Lodz (Lodzkie)","Basse Silésie (Dolnoslaskie)","Lublin ( Lubelskie)","Lubusz (Lubuskie)","Masovian (Mazowieckie)","Opole (Opolskie)","Podlasie (Podlaskie)","Pomeranian (Pomorskie)","Silesian (Slaskie)","Subcarpathian (Podkarpackie) )","Swietokrzyskie (Swietokrzyskie)","Warmian-Masurian (Warminsk o-Mazurskie)","Poméranie occidentale (Zachodniopomorskie)"]},{"country":"Portugal","alpha2Code":"PT","alpha3Code":"PRT","numberCode":"620","states":["Aveiro","Acores","Beja","Braga","Braganca","Castelo Branco","Coimbra","Evora","Faro","Guarda","Leiria","Lisbonne","Madère","Portalegre","Porto"," Santarem","Setúbal","Viana do Castelo","Vila Real","Viseu"]},{"country":"Puerto Rico","alpha2Code":"PR","alpha3Code":"PRI","numberCode":"630","states":["Adjuntas","Aguada","Aguadilla","Aguas Buenas","Aibonito","Añasco","Arecibo","Arroyo","Barceloneta","Barranquitas","Bayamón","Cabo Rojo","Cagua","Camuy","Canovanas","Carolina","Cataño","Cayey","Ceiba","Ciales","Cidra"," Coamo","Comerío","Corozal","Culebra (municipalité insulaire)","Dorado","Fajardo","Floride","Guánica","Guayama","Guayanilla","Guaynabo","Gurabo","Hatillo","Hormigueros","Humacao","Isabela","Jayuya","Juana Díaz","Juncos","Lajas","Lares","Las Marías","Las Piedras"," Loíza "," Luquillo "," Lamantin "," Maricao "," Maunabo "," Mayagüez "," Moca "," Morovis "," Naguabo "," Naranjito "," Orocovis "," Patillas "," Peñuelas ","Ponce","Q uebradillas","Rincón","Río Grande","Sabana Grande","Salinas","San Germán","San Juan (Capitale)","San Lorenzo","San Sebastián","Santa Isabel"," Toa Alta","Toa Baja","Trujillo Alto","Utuado","Vega Alta","Vega Baja","Vieques (municipalité insulaire)","Villalba","Yabucoa","Yauco"]},{"country":"Qatar","alpha2Code":"Contrôle qualité","alpha3Code":"QAT","numberCode":"634","states":["Ad Dawhah","Al Ghuwayriyah"," Al Jumailiyah","Al Khawr","Al Wakrah","Ar Rayyan","Jarayan al Batinah","Madinat ash Shamal","Umm Sa'id","Umm Salal"]},{"country":"Roumanie","alpha2Code":"RO","alpha3Code":"ROU","numberCode":"642","states":["Alba","Arad","Arges","Bacau"," Bihor","Bistrita-Nasaud","Botosani","Braila","Brasov","Bucuresti","Buzau","Calarasi","Caras-Severin","Cluj","Constanta","Covasna ","Dimbovita","Dolj","Galati","Gorj","Giurgiu","Harghita","Hunedoara","Ialomita","Iasi","Ilfov","Maramures","Mehedinti"," Mures","Neamt","Olt","Prahova","Salaj","Satu Mare","Sibiu","Suceava","Teleorman","Timis","Tulcea","Vaslui"," Vilcea ","Vrancea"]},{"country":"Russie","alpha2Code":"RU","alpha3Code":"RUS","numberCode":"643","states":["Amour","Arkhangel'sk","Astrakhan '","Belgorod","Bryansk","Chelyabinsk","Chita","Irkutsk","Ivanovo","Kaliningrad","Kaluga","Kamchatka","Kemerovo","Kirov","Kostroma","Kurgan","Koursk","Leningrad","Lipetsk","Magadan","Moscou","Mourmansk","Nizhniy Novgorod","Novgorod","Novossibirsk","Omsk","Orenbourg","Orel","Penza","Perm '","Pskov","Rostov","Ryazan'","Sakhaline","Samara","Saratov","Smolensk","Sverdlovsk","Tambov","Tomsk","Tula","Tver '","Tioumen'","Ul'yanovsk","Vladimir","Volgograd","Vologda","Voronezh","Yaroslavl '","Adygeya","Altaï","Bashkortostan","Bouriatiya","Tchétchénie","Tchouvachie","Daghestan","Ingouchie","Kabardino-Balkariya","Kalmoukie","Karachayevo-Cherkesiya","Kareliya","Khakasiya","Komi","Mariy-El","Mordovie","Sakha","Ossétie du Nord","Tatarstan","Tyva","Oudmourtie","Aga Bouriat"," Chukotka","Evenk","Khanty-Mansi","Komi-Permyak","Koryak","Nenets","Taymyr","Ust'-Orda Buryat","Yamalo -Nenets","Altay","Kha barovsk","Krasnodar","Krasnoïarsk","Primorskiy","Stavropol '","Moscou","St. Petersburg","Evrey"]},{"country":"Rwanda","alpha2Code":"RW","alpha3Code":"RWA","numberCode":"646","states":["Butare","Byumba","Cyangugu","Gikongoro","Gisenyi","Gitarama","Kibungo","Kibuye","Kigali Rurale","Kigali-ville","Umutara","Ruhengeri"]},{"country":"Samoa","alpha2Code":"WS","alpha3Code":"WSM","numberCode":"882","states":["A'ana","Aiga-i-le -Tai","Atua","Fa'asaleleaga","Gaga'emauga","Gagaifomauga","Palauli","Satupa'itea","Tuamasaga","Va'a-o-Fonoti","Vaisigano "]},{"country":"Saint-Marin","alpha2Code":"SM","alpha3Code":"SMR","numberCode":"674","states":["Acquaviva","Borgo Maggiore ","Chiesanuova","Domagnano","Faetano","Fiorentino","Montegiardino","San Marino Citta","Serravalle"]},{"country":"São Tomé","alpha2Code":"ST ","alpha3Code":"STP","numberCode":"678","states":["Água Grande","Cantagalo","Caué","Lembá","Lobata","Mé-Zóchi","Prince Autonomous Region"]},{"country":"Arabie saoudite","alpha2Code":"SA","alpha3Code":"SAU","numberCode":"682","states":["Al Bahah ","Al Hudud ash Shamaliyah","Al Jawf","Al Madinah","Al Qasim","Ar Riyad","Ash Sharqiyah","'Asir","Ha' il","Jizan"," La Mecque","Najran","Tabuk"]},{"country":"Senegal","alpha2Code":"SN","alpha3Code":"SEN","numberCode":"686","states":["Dakar","Diourbel","Fatick","Kaolack","Kol da","Louga","Matam","Saint-Louis","Tambacounda","Thies","Ziguinchor"]},{"country":"Serbie","alpha2Code":"RS","alpha3Code ":"SRB","numberCode":"688","states":["Valjevo","Šabac","Čačak","Jagodina","Kruševac","Kraljevo","Kragujevac","Užice","Bor","Požarevac","Leskovac","Niš","Vranje","Pirot","Smederevo","Prokuplje","Zaječar","Zrenjanin","Subotica","Kikinda"," Novi Sad","Pančevo","Sremska Mitrovica","Sombor"]},{"country":"Monténégro","alpha2Code":"YO","alpha3Code":"MNE","numberCode":"499 ","states":["Andrijevica","Bar","Berane","Berane","Bijelo Polje","Budva","Cetinje","Danilovgrad","Gusinje","Herceg Novi"," Kolašin","Kotor","Mojkovac","Nikšić","Petnjica","Plav","Pljevlja","Plužine","Podgorica","Rožaje","Šavnik","Tivat","Tuzi","Ulcinj","Žabljak"]},{"country":"Kosovo","alpha2Code":"XK","alpha3Code":"XXK","numberCode":"","states":["Ferizaj ","Gjakova","Gjilan","Mitrovica","Peja","Pristina","Prizren"]},{"country":"Seychelles","alpha2Code":"SC","alpha3Code":" SYC","numberCode":"690","states":["Anse aux Pins","Anse Boileau","Anse Etoile","Anse Louis","Anse Royale","Baie Lazare","Baie Sainte Anne","Beau Vallon","Bel Air","Bel Ombre","Cascade","Glacis","Grand 'Anse","Grand' Anse","La Digue","La Riviere Anglaise","Mont Buxton","Mont Fleuri","Plaisance","Pointe La Rue","Port Glaud","Saint Louis","Takamaka"]},{"country":"Sierra Leone","alpha2Code":"SL","alpha3Code":"SLE","numberCode":"694","states":["Province de l'Est","Province du Nord","Province du Sud","Province du Nord-Ouest","Zone de l'Ouest"]},{"country":"Singapour","alpha2Code":"SG","alpha3Code":"SGP","numberCode":"702","states":["Aljunied Groupe Représentation Circonscription","Ang Mo Kio Groupe Représentation Circonscription","Groupe Représentation Circonscription Bishan-Toa Payoh","Chua Chu Kang Group Representation Circonscription","East Coast Group Representation Circonscription","Pays-Bas - Bukit Timah Group Representation Circonscription","East Coast Group Representation Circonscription"," Représentation du groupe Jalan Besar "," Circonscription de représentation du groupe Jurong "," Circonscription de représentation du groupe Marine Parade "," Circonscription de représentation du groupe Marsiling - Yew Tee "," Circonscription de représentation du groupe Nee Soon "," Circonscription de représentation du groupe Pasir Ris - Punggol "," Circonscription de représentation du groupe Sengkang"," Circonscription de représentation du groupe Tampines"," Circonscription de représentation du groupe Tanjong Pagar"," Circonscription de représentation du groupe Tanjong Pagar"," représentation du groupe de la côte ouest"]},{"country":"Slovaquie","alpha2Code":"SK","alpha3Code":"SVK","numberCode":"703","states":[" Banskobystricky","Bratislavsky","Kosicky","Nitriansky","Presovsky","Trenciansky","Trnavsky","Zilinsky"]},{"country":"Slovénie","alpha2Code":"SI","alpha3Code":"SVN","numberCode":"705","states":["Ajdovscina","Beltinci","Benedikt","Bistrica ob Sotli","Bled","Bloke","Bohinj","Borovnica","Bovec","Braslovce","Brda","Brezice","Brezovica","Cankova","Celje","Cerklje na Gorenjskem","Cerknica","Cerkno","Cerkvenjak","Crensovci","Crna na Koroskem","Crnomelj","Destrnik","Divaca","Dobje","Dobrepolje","Dobrna ","Dobrova-Horjul-Polhov Gradec","Dobrovnik-Dobronak","Dolenjske Toplice","Dol pri Ljubljani","Domzale","Dornava","Dravograd","Duplek","Gorenja Vas-Poljane","Gorisnica","Gornja Radgona","Gornji Grad","Gornji Petrovci","Grad","Grosuplje","Hajdina","Hoce-Slivnica","Hodos-Hodos","Horjul","Hrastnik ","Hrpelje-Kozina","Idrija","Ig","Ilirska Bistrica","Ivancna Gorica","Izola-Isola","Jesenice","Jezersko","Jursinci","Kamnik","Kanal ","Kidricevo","Kobarid","Kobilje","Kocevje","Komen","Komenda","Koper-Capodistria","Kostel","Kozje","Kranj","Kranjska Gora"," Krizevci","Krsko","Kungota","Kuzma","Lasko","Lenart","Le nda va-Lendva","Litija","Ljubljana","Ljubno","Ljutomer","Logatec","Loska Dolina","Loski Potok","Lovrenc na Pohorju","Luce","Lukovica","Majsperk","Maribor","Markovci","Medvode","Menges","Metlika","Mezica","Miklavz na Dravskem Polju","Miren-Kostanjevica","Mirna Pec","Mislinja","Moravce","Moravske Toplice","Mozirje","Murska Sobota","Muta","Naklo","Nazarje","Nova Gorica","Novo Mesto","Odranci","Oplotnica","Ormoz ","Osilnica","Pesnica","Piran-Pirano","Pivka","Podcetrtek","Podlehnik","Podvelka","Polzela","Postojna","Prebold","Preddvor","Prevalje ","Ptuj","Puconci","Race-Fram","Radece","Radenci","Radlje ob Dravi","Radovljica","Ravne na Koroskem","Razkrizje","Ribnica","Ribnica na Pohorju","Rogasovci","Rogaska Slatina","Rogatec","Ruse","Salovci","Selnica ob Dravi","Semic","Sempeter-Vrtojba","Sencur","Sentilj"," Sentjernej","Sentjur pri Celju","Sevnica","Sezana","Skocjan","Skofja Loka","Skofljica","Slovenj Gradec","Slovenska Bis trica","Slovenske Konjice","Smarje pri Jelsah ","Smartno ob Paki","Smar tno pri Litiji","Sodrazica","Solcava","Sostanj","Starse","Shop","Sveta Ana","Sveti Andraz contre Slovenskih Goricah","Sveti Jurij","Tabor","Tisina","Tolmin","Trbovlje","Trebnje","Trnovska Vas","Trzic","Trzin","Turnisce","Velenje","Velika Polana","Velike Lasce","Verzej"," Videm ","Vipava","Vitanje","Vostates","Vojnik","Vransko","Vrhnika","Vuzenica","Zagorje ob Savi","Zalec","Zavrc","Zelezniki"," Zetale ","Ziri","Zirovnica","Zuzemberk","Zrece"]},{"country":"Îles Salomon","alpha2Code":"SB","alpha3Code":"SLB","numberCode":"090","states":["Central","Choiseul","Guadalcanal","Honiara","Isabel","Makira","Malaita","Rennell y Bellona","Temotu","Occidental "]},{"country":"Somalie","alpha2Code":"SO","alpha3Code":"SOM","numberCode":"706","states":["Awdal","Bakool"," Banaadir","Bari","Bay","Galguduud","Gedo","Hiiraan","Jubbada Dhexe","Jubbada Hoose","Mudug","Nugaal","Sanaag","Shabeellaha Dhexe","Shabeellaha Hoose","Sool","Togdheer","Woqooyi Galbeed"]},{"country":"Afrique du Sud","alpha2Code":"ZA","alpha3C ode":"ZAF","numberCode":"710","states":["Cap oriental","État libre","Gauteng","KwaZulu-Natal","Limpopo","Mpumalanga","Nord -Ouest","Cap Nord","Cap Occidental"]},{"country":"Espagne","alpha2Code":"ES","alpha3Code":"ESP","numberCode":"724"," états":["Andalousie","Aragon","Asturies","Îles Baléares","Ceuta","Îles Canaries","Cantabrie","Castille-La Manche","Castille et León","Catalogne"," Communauté valencienne","Estrémadure","Galice","La Rioja","Madrid","Melilla","Murcie","Navarre","Pays basque"]},{"country":"Sri Lanka ","alpha2Code":"LK","alpha3Code":"LKA","numberCode":"144","states":["Centre","Nord Centre","Nord","Est","Nord-Ouest ","Sabaragamuwa","Sud","Raisin","Ouest"]},{"country":"Soudan","alpha2Code":"SD","alpha3Code":"SDN","numberCode":"729","states":["A'ali an Nil","Al Bahr al Ahmar","Al Buhayrat","Al Jazirah","Al Khartum","Al Qadarif","Al Wahdah","An Nil al Abyad","An Nil al Azraq","Ash Shamaliyah","Bahr al Jabal "," Gharb al Istiwa'iyah "," Gharb Bahr al Ghazal "," Gharb Darfour "," Gharb Kurdufan "," Janub Darfour "," Janub Kurdufan "," Junqali "," Kassala "," Nahr an Nil ","Shamal Bahr al Ghazal","Shamal Darfour","Shamal Kurdufan","Sharq al Istiwa'iyah","Sinnar","Warab"]},{"country":"Suriname","alpha2Code":"SR","alpha3Code":"SUR","numberCode":"740","states":["Brokopondo","Commewijne","Coronie","Marowijne","Nickerie","Para"," Paramaribo","Saramacca","Sipaliwini","Wanica"]},{"country":"Swaziland","alpha2Code":"SZ","alpha3Code":"SWZ","numberCode":"748","states":["Hhohho","Lubombo","Manzini","Shiselweni"]},{"country":"Suède","alpha2Code":"SE","alpha3Code":"SWE","numberCode":"752","states":["Blekinge","Dalarna","Gävleborg","Gotland","Halland","Jämtland","Jönköping","Kal mer","Kronoberg","Norrbotten","Örebro","Östergötland","Skåne","Södermanland","Stockholm","Uppsala","Värmland","Västerbotten","Västernorrland","Västmanland","Västra Götaland"]},{"country":"Suisse","alpha2Code":"CH","alpha3Code":"CHE","numberCode":"756","states":["Argovie","Appenzell Ausser-Rhoden","Appenzell Inner-Rhoden","Bâle-Campagne","Bâle-Ville","Berne","Fribourg","Genève","Glaris","Grisons","Jura","Lucerne","Neuchâtel","Nidwalden","Obwald","Saint-Gall","Schaffhouse","Schwyz","Soleure","Thurgovie","Tessin","Uri","Valais"," Vaud","Zug","Zurich"]},{"country":"Syrie","alpha2Code":"SY","alpha3Code":"SY","numberCode":"760","states":["Al Hasakah","Al Ladhiqiyah","Al Qunaytirah","Ar Raqqah","As Suwayda '","Dar'a","Dayr az Zawr","Dimashq","Halab","Hamah","Lui","Idlib","Rif Dimashq","Tartous"]},{"country":"Taïwan","alpha2Code":"TW","alpha3Code":"TWN","numberCode":" 158","states":["Chang-hua","Chia-i","Hsin-chu","Hua-lien","I-lan","Kao-hsiung","Kin-men","Lien-chiang","Miao-li","Nan- t'ou","P'eng-hu","P'ing-tung","T'ai-chung","T'ai-nan","T'ai-pei","T'ai- tung","T'ao-yuan","Yun-lin","Chia-i","Chi-lung","Hsin-chu","T'ai-chung","T'ai-nan","Kao-hsiung City","T'ai-pei City"]},{"country":"Tadjikistan","alpha2Code":"TJ","alpha3Code":"TJK","numberCode":"762 ","states":["Région de Sughd","Districts subordonnés républicains","Région de Khatlon","Région autonome du Gorno-Badakhshan","Douchanbé"]},{"country":"Tanzanie ","alpha2Code":"TZ","alpha3Code":"TZA","numberCode":"834","states":["Arusha","Dar es Salaam","Dodoma","Iringa","Kagera","Kigoma","Kilimanjaro","Lindi","Manyara","Mara","Mbeya","Morogoro","Mtwara","Mwanza","Pemba Nord","Pemba Sud","Pwani","Rukwa","Ruvuma","Shinyanga","Singida","Tabora","Tanga","Zanzibar Centre / Sud","Zanzibar Nord","Zanzibar Urbain / Ouest"]},{" country":"Thaïlande","alpha2Code":"TH","alpha3Code":"THA","numberCode":"764","states":["Amnat Charoen","Ang Thong","Buriram","Chachoengsao","Chai Nat","Chaiyaphum","Chanthaburi","Chiang Mai","Chiang Rai","Chon Buri","Chumphon","Kalasin","Kamphaeng Phet","Kanchanaburi","Khon Kaen","Krabi","Krung Thep Mahanakhon","Lampang","Lamphoun","Loei","Lop Buri","Mae Hong Son","Maha Sarakham","Mukdahan","Nakhon Nayok","Nakhon Pathom","Nakhon Phanom","Nakhon Ratchasima","Nakhon Sawan"," Nakhon Si Thammarat","Nan","Narathiwat","Nong Bua Lamphu","Nong Khai","Nonthaburi","Pathum Thani","Pattani","Phangnga","Phatthalung","Phayao"," Phetchabun","Phetchaburi","Phichit","Phitsanulok","Phra Nakhon Si Ayutthaya","Phrae","Phuket","Prachin Buri","Prachuap Khiri Khan","Ranong","Ratchaburi"," Rayong","Roi Et","Sa Kaeo","Sakon Nakhon","Samut Prakan","Samut Sakhon","Samut Songkhram","Sara Buri","Satun","Sing Buri","Sisaket","Songkhla","Sukhothai","Suphan Buri","Surat Thani","Surin","Tak","Trang","Trat","Ubon Ratchathani","Udon Thani","Uthai Thani","Uttaradit","Yala","Yasothon"]},{"country":"Togo","alpha2Code":"TG","alpha3Code":"TGO","numberCode":"768","states":["Kara","Plateaux","Savanes","Centrale","Maritime"]},{"country":"Tonga","alpha2Code":"PARA","alpha3Code":"TON","numberCode":"776","states":["Tongatapu ","Vavau","Haapai","Eua","Ongo Niua","Tonga"]},{"country":"Trinité-et-Tobago","alpha2Code":"TT","alpha3Code":"TTO ","numberCode":"780","states":["Couva","Diego Martín","Mayaro","Penal","Pueblo Principe","Sangre Grande","San Juan","Siparia","Tunapuna","Port d'Espagne","San Fernando","Arima","Punta Fortín","Chaguanas","Tobago"]},{"country":"Tunisie","alpha2Code":" TN ","alpha3Code":"TUN","numberCode":"788","states":["Ariana (Aryanah)","Beja (Bajah)","Ben Arous (Bin 'Arus)","Bizerte ( Banzart)","Gabes (Qabis)","Gafsa (Qafsah)","Jendouba (Jundubah)","Kairouan (Al Qayrawan)","Kasserine (Al Qasrayn)","Kebili (Qibili)","Kef (Al Kaf)","Mahdia (Al Mahdiyah)","Manouba (Manubah) ),","Medenine (Madanin)","Monastir (Al Munastir)","Nabeul (Nabul)","Sfax (Safaqis) ","Sidi B ou Zid (Sidi Bu Zayd)","Siliana (Silyanah)","Sousse (Susah)","Tataouine (Tatawin)","Tozeur (Tawzar)","Tunisie","Zaghouan (Zaghwan)"]},{"country":"Turquie","alpha2Code":"TR","alpha3Code":"TUR","numberCode":"792","states":["Adana","Adiyaman","Afyonkarahisar","Agri","Aksaray","Amasya","Ankara","Antalya","Ardahan","Artvin","Aydin","Balikesir","Bartin","Batman","Bayburt","Bilecik ","Bingol","Bitlis","Bolu","Burdur","Bursa","Canakkale","Cankiri","Corum","Denizli","Diyarbakir","Duzce","Edirne","Elazig","Erzincan","Erzurum","Eskisehir","Gaziantep","Giresun","Gumushane","Hakkari","Hatay","Igdir","Isparta","Istanbul","Izmir ","Kahramanmaras","Karabuk","Karaman","Kars","Kastamonu","Kayseri","Kilis","Kirikkale","Kirklareli","Kirsehir","Kocaeli","Konya","Kutahya","Malatya","Manisa","Mardin","Mersin","Mugla","Mus","Nevsehir","Nigde","Ordu","Osmaniye","Rize","Sakarya ","Samsun","Sanliurfa","Siirt","Sinop","Sirnak","Sivas","Tekirdag","Tokat","Trabzon","Tunceli","Usak","Van","Yalova","Yozgat","Zonguldak"]},{"country":"Turkménistan","alpha2Code":"TM","alpha3Code":"TKM","numberCode":"795","states":["Ahal Welayaty (Achgabat)","Balkan Welayaty ( Balkanabat),","Dashoguz Welayaty","Lebap Welayaty (Turkmenabat)","Mary Welayaty"]},{"country":"Ouganda","alpha2Code":"UG","alpha3Code":"UGA"," numberCode":"800","states":["Adjumani","Apac","Arua","Bugiri","Bundibugyo","Bushenyi","Busia","Gulu","Hoima"," Iganga "," Jinja "," Kabale "," Kabarole "," Kaberamaido "," Kalangala "," Kampala "," Kamuli "," Kamwenge "," Kanungu "," Kapchorwa "," Kasese "," Katakwi ","Kayunga","Kibale","Kiboga","Kisoro","Kitgum","Kotido","Kumi","Kyenjojo","Lira","Luwero","Masaka","Masindi"," Mayuge "," Mbale "," Mbarara "," Moroto "," Moyo "," Mpigi "," Mubende "," Mukono "," Nakapiripirit "," Nakasongola "," Nebbi "," Ntungamo "," Pader ","Pallisa","Rakai","Rukungiri","Sembabule","Sironko","Soroti","Tororo","Wakiso","Yumbe"]},{"country":"Ukraine","alpha2Code ":"UA","alpha3Code":"UKR","numberCode":"804","states":["Tcherkassy","Tchernihiv","Tchernivtsi","Crimée","Dnipropetrovs'k"," Donet s'k","Ivano-Frankivs'k","Kharkov","Kherson","Khmel'nyts'kyy","Kirovohrad","Kiev","Kyyiv","Luhans'k","L' viv","Mykolaïv","Odessa","Poltava","Rivne","Sébastopol '","Sumy","Ternopil '","Vinnytsya","Volyn'","Zakarpattya","Zaporizhzhya","Jytomyr"]},{"country":"Émirats arabes unis","alpha2Code":"AE","alpha3Code":"SON","numberCode":"784","states":["Abou Dhabi","'Ajman","Al Fujayrah","Sharjah","Dubaï","Ra's al Khaymah","Umm al Qaywayn"]},{"country":"Royaume-Uni","alpha2Code":"GB","alpha3Code":" GBR","numberCode":"826","states":["Aberconwy et Colwyn","Ville d'Aberdeen","Aberdeenshire","Anglesey","Angus","Antrim","Argyll et Bute"," Armagh","Avon","Ayrshire","Bath et NE Somerset","Bedfordshire","Belfast","Berkshire","Berwickshire","BFPO","Blaenau Gwent","Buckinghamshire","Caernarfonshire","Caerphilly","Caithness","Cambridgeshire","Cardiff","Cardiganshire","Carmarthenshire","Ceredigion","Îles Anglo-Normandes","Cheshire","Bristol City","Clackmannanshire"," Clwyd","Conwy","Cornwall / Scilly","Cumbria","Denbighshire","Derbyshire","Derry / Londonderry","Devon","Dorset","Down","Dumfries et Galloway"," Dunbartonshire","Dundee","Durham","Dyfed","East Ayrshire","East Dunbartonshire","East Lothian","East Renfrewshire","East Riding Yorkshire","Est Sussex","Édimbourg","Angleterre","Essex","Falkirk","Fermanagh","Fife","Flintshire","Glasgow","Gloucestershire","Grand Londres","Grand Manchester"," Gwent","Gwynedd","Hampshire","Hartlepool","Hereford et Worcester","Hertfordshire","Highlands","Inverclyde","Inverness-Shire","Île de Man","Île de Wight ","Kent","Kincardinshire","Kingston Upon Hull","Kinross- Shire","Kirklees","Lanarkshire","Lancashire","Leicestershire","Lincolnshire","Londonderry","Merseyside","Merthyr Tydfil","Mid Glamorgan","Mid Lothian","Middlesex","Monmouthshire","Moray","Neath et Port Talbot","Newport","Norfolk","North Ayrshire","Nord-Est Lincolnshire","North Lanarkshire","North Lincolnshire","North Somerset","North Yorkshire","Northamptonshire","Irlande du Nord","Northumberland","Nottinghamshire","Orkney et Shetland","Oxfordshire","Pembrokeshire","Perth et Kinross","Powys","Redcar et Cleveland","Renfrewshire","Rhonda Cynon Taff","Rutland","Scottish Borders","Shetland","Shropshire","Somerset","South Ayrshire","Alors uth Glamorgan","South Gloucesteshire","South Lanarkshire","South Yorkshire","Staffordshire","Stirling","Stockton On Tees","Suffolk","Surrey","Sw ansea","Torfaen","Tyne et Wear","Tyrone","Vale of Glamorgan","Pays de Galles","Warwickshire","West Berkshire","West Dunbartonshire","West Glamorgan","West Lothian","West Midlands"," West Sussex","West Yorkshire","Western Isles","Wiltshire","Wirral","Worcestershire","Wrexham","York"]},{"country":"États-Unis","alpha2Code":"US","alpha3Code":"USA","numberCode":"840","states":["Alabama","Alaska","Arizona","Arkansas","Californie","Colorado"," Connecticut","Delaware","District de Columbia","Floride","Géorgie","Hawaï","Idaho","Illinois","Indiana","Iowa","Kansas","Kentucky"," Louisiane","Maine","Maryland","Massachusetts","Michigan","Minnesota","Mississippi","Missouri","Montana","Nebraska","Nevada","New Hampshire","Nouveau Jersey","Nouveau-Mexique","New York","Caroline du Nord","Dakota du Nord","Ohio","Oklahoma","Oregon","Pennsylvanie","Rhode Island","Carolina del Sud","Dakota du Sud","Tennessee","Texas","Utah","Vermont","Virginie","Washington","Virginie occidentale","Wisconsin","Wyoming"]},{"country":"Uruguay","alpha2Code":"UY","alpha3Code":"URY","numberCode":"858","states":["Artigas","Canelones","Cerro Largo","Colonia","Pêche","Fleurs","Floride","Lavalleja","Maldonado","Montevideo","Paysandu","Rio Negro","Rivera","Rocha","Salto","San José","Soriano","Tacuarembo","Treinta y Tres"]},{"country":"Ouzbékistan","alpha2Code":"UZ","alpha3Code":"UZB","numberCode":"860","states":["Andizon Viloyati","Buxoro Viloyati","Farg'ona Viloyati","Jizzax Viloyati","Namangan Viloyati","Navoiy Viloyati","Qashqadaryo Viloyati","Qaraqalpog'iston Respublikasi","Samarqand Viloyati","Sirdaryo Viloyati","Surxondaryo Viloyati","Toshkent Shahri","Toshkent Viloyati","Xorazm Viloyati"]},{"country":"Vanuatu","alpha2Code":"VU ","alpha3Code":"VUT","numberCode":"548","states":["Malampa","Penama","Sanma","Shefa","Tafea","Torba"]},{"country":"Venezuela","alpha2Code":"VE","alpha3Code":"VEN","numberCode":"862","states":["Amazonas","Anzoategui","Apur"," Aragua","Barinas","Bolivar","Carabobo","Cojedes","Delta Am acuro","Dépendances fédérales","District fédéral","Falcón","Guárico","Lara","Mérida","Miranda","Monagas","Nueva Esparta","Portuguesa","Sucre","Táchira","Trujillo","Vargas","Yaracuy","Zulia"]},{"country":"Vietnam","alpha2Code":"VN","alpha3Code":"VNM","numberCode":"704","states":["An Giang","Bac Giang","Bac Kan","Bac Lieu","Bac Ninh","Ba Ria-Vung Tau","Ben Tre","Binh Dinh","Binh Duong","Binh Phuoc","Binh Thuan","Ca Mau","Cao Bang","Dac Lak","Dac Nong","Dien Bien","Dong Nai","Dong Thap","Gia Lai","Ha Giang","Hai Duong","Ha Nam","Ha Tay","Ha Tinh","Hau Giang","Hoa Binh","Hung Yen","Khanh Hoa","Kien Giang","Kon Tum","Lai Chau","Lam Dong","Lang Son","Lao Cai","Long An","Nam Dinh","Nghe An","Ninh Binh","Ninh Thuan","Phu Tho","Phu Yen","Quang Binh","Quang Nam","Quang Ngai","Quang Ninh","Quang Tri","Soc Trang","Fils La","Tay Ninh","Thai Binh","Thai Nguyen","Thanh Hoa","Thua Thien-Hue","Tien Giang","Tra Vinh","Tuyen Quang","Vinh Long","Vinh Phuc","Yen Bai","Can Tho","Da Nang","Hai Phong","Hanoï","Ho Chi Minh"]},{"country":"Yémen","alpha2Code":"OUI","alpha3Code":"YEM","numberCode":"887","states":["Abyan","'Adan","Ad Dali'","Al Bayda '","Al Hudaydah","Al Jawf","Al Mahrah","Al Mahwit","'Amran","Dhamar","Hadramawt","Hajjah","Ibb","Lahij","Ma'rib","Sa'dah","San'a '","Shabwah","Ta'izz"]},{"country":" Zambie","alpha2Code":"ZM","alpha3Code":"ZMB","numberCode":"894","states":["Central","Copperbelt","Eastern","Luapula","Lusaka ","Nord","Nord-Ouest","Sud","Ouest"]},{"country":"Zimbabwe","alpha2Code":"ZW","alpha3Code":"ZWE","numberCode":"716","states":["Bulawayo","Harare","Manicaland","Mashonaland Central","Mashonaland East","Mashonaland West","Masvingo","Matabeleland North","Matabeleland South","Midlands"]}]}